{
  "version": 1,
  "author": "M.induja",
  "editor": "wokwi",
  "parts": [
    { "type": "wokwi-breadboard-half", "id": "bb1", "top": 93, "left": 185.2, "attrs": {} },
    { "type": "wokwi-esp32-devkit-v1", "id": "esp", "top": -43.3, "left": 43, "attrs": {} },
    {
      "type": "wokwi-dht22",
      "id": "dht1",
      "top": -33.6,
      "left": -113.7,
      "rotate": 270,
      "attrs": {}
    },
    {
      "type": "wokwi-lcd1602",
      "id": "lcd1",
      "top": -60.8,
      "left": 245.6,
      "attrs": { "pins": "i2c" }
    },
    { "type": "wokwi-vcc", "id": "vcc1", "top": 77.56, "left": 595.2, "attrs": {} },
    { "type": "wokwi-gnd", "id": "gnd1", "top": 115.2, "left": 575.4, "attrs": {} }
  ],
  "connections": [
    [ "esp:TX0", "$serialMonitor:RX", "", [] ],
    [ "esp:RX0", "$serialMonitor:TX", "", [] ],
    [ "dht1:VCC", "bb1:tp.5", "red", [ "h38.4", "v134.4", "h259.2" ] ],
    [ "dht1:GND", "bb1:tn.4", "black", [ "h48", "v153.6", "h230.4" ] ],
    [ "dht1:SDA", "esp:D2", "green", [ "h19.2", "v-76.9", "h172.8", "v134.4" ] ],
    [ "esp:VIN", "bb1:tp.3", "red", [ "h-9.6", "v38.4", "h153.6" ] ],
    [ "esp:GND.1", "bb1:tn.1", "black", [ "h0" ] ],
    [ "lcd1:GND", "bb1:tn.14", "black", [ "h-9.6", "v-38.4", "h316.8", "v182.4" ] ],
    [ "lcd1:VCC", "bb1:tp.15", "red", [ "h-19.2", "v-57.5", "h336", "v182.4", "h-192" ] ],
    [ "bb1:tp.25", "vcc1:VCC", "green", [ "v0" ] ],
    [ "bb1:tn.25", "gnd1:GND", "green", [ "v0" ] ]
  ],
  "dependencies": {}
}